{"is_source_file": false, "format": "", "description": "", "external_files": [], "external_methods": [], "published": [], "classes": [], "methods": [], "calls": [], "search-terms": ["README.md", "simple-to-do-list", "321021-321035"], "state": 2, "file_id": 1, "knowledge_revision": 17, "git_revision": "8b3dc41865810d3207f264df7142daa72a305321", "hash": "2eacd4d98f6bf1989f6dd016c82b00c7", "format-version": 4, "code-base-name": "todo_frontend", "filename": "README.md", "revision_history": [{"17": "8b3dc41865810d3207f264df7142daa72a305321"}]}