{"is_source_file": true, "format": "JavaScript", "description": "This file is the entry point for a React application, responsible for rendering the main App component into the DOM.", "external_files": ["react", "react-dom/client", "./index.css", "./App"], "external_methods": ["ReactDOM.createRoot", "root.render"], "published": [], "classes": [], "methods": [{"name": "ReactDOM.createRoot", "description": "Creates a root for rendering React elements into the DOM."}, {"name": "root.render", "description": "Renders React components into the DOM using the created root."}], "calls": ["ReactDOM.createRoot", "root.render", "React.StrictMode", "App"], "search-terms": ["index.js", "React", "ReactDOM", "render", "main", "entry point", "React.StrictMode"], "state": 2, "file_id": 7, "knowledge_revision": 22, "git_revision": "b3980c1fe63a8eab635596faaf596a0f593891ca", "ctags": [{"_type": "tag", "name": "root", "path": "/home/kavia/workspace/code-generation/simple-to-do-list-321021-321035/todo_frontend/src/index.js", "pattern": "/^const root = ReactDOM.createRoot(document.getElementById('root'));$/", "language": "JavaScript", "kind": "constant"}], "hash": "9fc5841375336fc175b49f8767a11383", "format-version": 4, "code-base-name": "todo_frontend", "filename": "todo_frontend/src/index.js", "revision_history": [{"22": "b3980c1fe63a8eab635596faaf596a0f593891ca"}]}