{"is_source_file": false, "format": "", "description": "", "external_files": [], "external_methods": [], "published": [], "classes": [], "methods": [], "calls": [], "search-terms": [], "state": 2, "file_id": 11, "knowledge_revision": 23, "git_revision": "b3980c1fe63a8eab635596faaf596a0f593891ca", "hash": "d001d53c059625c4bcf75bf5a7f3fcf0", "format-version": 4, "code-base-name": "todo_frontend", "filename": "todo_frontend/package.json", "revision_history": [{"23": "b3980c1fe63a8eab635596faaf596a0f593891ca"}]}