{"is_source_file": false, "format": null, "description": null, "external_files": [], "external_methods": [], "published": [], "classes": [], "methods": [], "calls": [], "search-terms": ["CSS Variables", "Theme Management", "dark theme", "light theme", ".App", ".theme-toggle", ":root", "media queries", "CSS animations"], "state": 2, "file_id": 6, "knowledge_revision": 20, "git_revision": "b3980c1fe63a8eab635596faaf596a0f593891ca", "hash": "22f9e17cc1848b56dbb244518ac2707e", "format-version": 4, "code-base-name": "todo_frontend", "filename": "todo_frontend/src/App.css", "revision_history": [{"20": "b3980c1fe63a8eab635596faaf596a0f593891ca"}]}