{"is_source_file": false, "format": null, "description": "", "external_files": [], "external_methods": [], "published": [], "classes": [], "methods": [], "calls": [], "search-terms": [], "state": 2, "file_id": 3, "knowledge_revision": 15, "git_revision": "b3980c1fe63a8eab635596faaf596a0f593891ca", "hash": "d9d975cebe2ec20b6c652e1e4c12ccf0", "format-version": 4, "code-base-name": "todo_frontend", "filename": "todo_frontend/public/manifest.json", "revision_history": [{"15": "b3980c1fe63a8eab635596faaf596a0f593891ca"}]}