{"is_source_file": true, "format": "JavaScript module (ESM, .mjs)", "description": "Configuration file for ESLint, specifying linting rules for JavaScript and JSX files, with plugins and global variables.", "external_files": ["@eslint/js", "eslint-plugin-react"], "external_methods": [], "published": [], "classes": [], "methods": [], "calls": ["pluginJs", "pluginReact", "pluginJs.configs.recommended"], "search-terms": ["eslint", "eslint.config.mjs", "ESLint rules", "JavaScript linting config", "eslint-plugin-react", "eslint plugin configuration"], "state": 2, "file_id": 2, "knowledge_revision": 19, "git_revision": "b3980c1fe63a8eab635596faaf596a0f593891ca", "hash": "be6538e7523bc2e9da0743133d784136", "format-version": 4, "code-base-name": "todo_frontend", "filename": "todo_frontend/eslint.config.mjs", "revision_history": [{"19": "b3980c1fe63a8eab635596faaf596a0f593891ca"}]}